Requirement ID,Type,Name,Source,Architecture Components,Test Cases,Implementation Status,Verification Status,Priority,Notes
UC-005,Use Case,Framework Self-Improvement,Elaboration Workshop,"IterationPlanner;RetrospectiveFacilitator;ResearchCoordinator;PrototypeEngineer;CoreOrchestrator","TC-FSI-001;TC-FSI-002;TC-FSI-003;TC-FSI-004;TC-FSI-005;TC-FSI-006;TC-FSI-007;TC-FSI-008;TC-FSI-009;TC-FSI-010;TC-FSI-011;TC-FSI-012;TC-FSI-013;TC-FSI-014;TC-FSI-015;TC-FSI-016;TC-FSI-017;TC-FSI-018;TC-FSI-019;TC-FSI-020;TC-FSI-021;TC-FSI-022;TC-FSI-023;TC-FSI-024;TC-FSI-025;TC-FSI-026;TC-FSI-027;TC-FSI-028;TC-FSI-029;TC-FSI-030",Pending,Pending,P0,Elaborated Week 4 - 8542 words with 30 test cases
NFR-FSI-01,Performance,Iteration Velocity,UC-005,IterationPlanner;BacklogManager,TC-FSI-015;TC-FSI-020,Pending,Pending,P2,1-2 week iterations for rapid feedback
NFR-FSI-02,Performance,Discovery Track Duration,UC-005,ResearchCoordinator;PrototypeEngineer,TC-FSI-016,Pending,Pending,P2,<1 week for risk retirement before Delivery track
NFR-FSI-03,Performance,Retrospective Generation,UC-005,RetrospectiveFacilitator,TC-FSI-006,Pending,Pending,P2,<30 minutes for end-of-iteration velocity
NFR-FSI-04,Quality,Artifact Completeness,UC-005,CoreOrchestrator;DocumentationSynthesizer,TC-FSI-017,Pending,Pending,P1,100% SDLC artifacts for self-validation proof
NFR-FSI-05,Quality,Test Coverage,UC-005,TestEngineer;CodeReviewer,TC-FSI-018,Pending,Pending,P1,80%+ code coverage quality gate
NFR-FSI-06,Quality,Retrospective Frequency,UC-005,RetrospectiveFacilitator,TC-FSI-019,Pending,Pending,P1,End of every iteration for continuous improvement
NFR-FSI-07,Usability,Iteration Planning Time,UC-005,IterationPlanner,TC-FSI-015,Pending,Pending,P1,<1 hour to generate iteration plan
NFR-FSI-08,Usability,Retrospective Actionability,UC-005,RetrospectiveFacilitator,TC-FSI-023,Pending,Pending,P1,3-5 action items per retrospective (focus)
NFR-PERF-001,Performance,Content Validation Time,UC-001,ContentAnalyzer;WritingValidator;BannedPatternEngine,TC-001-015;TC-001-016,Pending,Pending,P0,<60s for 2000-word documents - Make-or-break for MVP
NFR-PERF-002,Performance,SDLC Deployment Time,UC-002,DeploymentManager;AgentRegistry;FileManager,TC-002-017;TC-002-018,Pending,Pending,P0,<10s for 58 agents + 45 commands - First-time setup friction
NFR-PERF-003,Performance,Codebase Analysis Time,UC-003,CodebaseScanner;IntakeGenerator;DependencyAnalyzer,TC-003-019;TC-003-020,Pending,Pending,P0,<5 minutes for 1000-file repos - Brownfield onboarding speed
NFR-PERF-004,Performance,Multi-Agent Workflow Completion,UC-004,CoreOrchestrator;TaskCoordinator;DocumentationSynthesizer,TC-004-021;TC-004-022,Pending,Pending,P1,15-20 minutes for SAD + reviews - Comprehensive artifact generation
NFR-PERF-005,Performance,Traceability Validation Time,UC-006,TraceabilityEngine;GraphAnalyzer,TC-006-023;TC-006-024,Pending,Pending,P1,<90s for 10000+ node graphs - Large enterprise projects
NFR-PERF-006,Performance,Metrics Collection Overhead,UC-007,MetricsCollector;AsyncAggregator,TC-007-025;TC-007-026,Pending,Pending,P1,<5% performance impact - Avoid slowing development
NFR-PERF-007,Performance,Template Selection Time,UC-008,TemplateSelector;ProfileAnalyzer,TC-008-027;TC-008-028,Pending,Pending,P1,<2 minutes to recommend pack - Onboarding speed
NFR-PERF-008,Performance,Test Suite Generation Time,UC-009,TestEngineer;TestTemplateEngine,TC-009-029;TC-009-030,Pending,Pending,P2,<10 minutes for full suite - Construction phase velocity
NFR-PERF-009,Performance,Plugin Rollback Time,UC-010,PluginManager;InstallationTransaction,TC-010-031;TC-010-032,Pending,Pending,P2,<5 seconds for failure recovery
NFR-PERF-010,Performance,Security Validation Time,UC-011,SecurityGatekeeper;PluginSandbox;PathValidator,TC-011-033;TC-011-034,Pending,Pending,P2,<10 seconds per plugin - Installation flow smoothness
NFR-THRU-001,Throughput,Batch Validation Throughput,UC-001,ContentAnalyzer;BatchProcessor,TC-001-035;TC-001-036,Pending,Pending,P2,10+ files/minute for entire documentation sets
NFR-THRU-002,Throughput,Parallel File Validation,UC-001,ContentAnalyzer;ParallelExecutor,TC-001-037;TC-001-038,Pending,Pending,P2,3-5 concurrent processes for batch validation
NFR-THRU-003,Throughput,Iteration Velocity,UC-005,IterationPlanner;BacklogManager,TC-FSI-003;TC-FSI-007,Pending,Pending,P2,1-2 week iterations for rapid Agile feedback
NFR-ACC-001,Accuracy,AI Pattern False Positive Rate,UC-001,BannedPatternEngine;PatternDatabase,TC-001-039;TC-001-040,Pending,Pending,P0,<5% false positives to maintain user trust
NFR-ACC-002,Accuracy,Intake Field Accuracy,UC-003,IntakeGenerator;CodebaseAnalyzer;FieldExtractor,TC-003-041;TC-003-042,Pending,Pending,P0,80-90% accuracy to minimize manual corrections
NFR-ACC-003,Accuracy,Automated Traceability Accuracy,UC-006,TraceabilityEngine;GraphValidator,TC-006-043;TC-006-044,Pending,Pending,P2,99% accuracy for compliance audit trail
NFR-ACC-004,Accuracy,Template Recommendation Acceptance,UC-008,TemplateSelector;RecommendationEngine,TC-008-045;TC-008-046,Pending,Pending,P2,85% user acceptance rate - Trust in recommendations
NFR-ACC-005,Accuracy,Security Attack Detection,UC-011,SecurityGatekeeper;AttackVectorScanner,TC-011-047;TC-011-048,Pending,Pending,P0,100% detection of known attack vectors - Security critical
NFR-ACC-006,Accuracy,Security Validation False Positives,UC-011,SecurityGatekeeper;PathValidator,TC-011-049;TC-011-050,Pending,Pending,P2,<5% false positives to avoid blocking legitimate plugins
NFR-QUAL-001,Quality,Multi-Agent Reviewer Sign-offs,UC-004,CoreOrchestrator;ReviewCoordinator,TC-004-051;TC-004-052,Pending,Pending,P1,3+ specialized reviewers for comprehensive validation
NFR-QUAL-002,Quality,Requirements Traceability Coverage,UC-004;UC-006,TraceabilityEngine;RequirementsAnalyst,TC-004-053;TC-006-054,Pending,Pending,P1,100% coverage for full traceability matrix
NFR-QUAL-003,Quality,Test Coverage Targets,UC-009,TestEngineer;CoverageAnalyzer,TC-009-055;TC-009-056,Pending,Pending,P1,80% unit + 70% integration + 50% E2E coverage
NFR-QUAL-004,Quality,Test Template Completeness,UC-009,TestTemplateEngine,TC-009-057;TC-009-058,Pending,Pending,P1,All test types coverage (unit/integration/E2E/perf/security)
NFR-COMP-001,Completeness,AI Pattern Database Size,UC-001,BannedPatternEngine;PatternDatabase,TC-001-059;TC-001-060,Pending,Pending,P1,1000+ patterns for comprehensive AI detection coverage
NFR-COMP-002,Completeness,Intake Critical Field Coverage,UC-003,IntakeGenerator;FieldExtractor,TC-003-061;TC-003-062,Pending,Pending,P1,100% critical fields (name/tech stack/language)
NFR-COMP-003,Completeness,SDLC Artifact Completeness,UC-005,CoreOrchestrator;ArtifactTracker,TC-FSI-017;TC-FSI-026,Pending,Pending,P1,100% for all features - Framework uses own tools
NFR-COMP-004,Completeness,Orphan Artifact Detection,UC-006,TraceabilityEngine;OrphanDetector,TC-006-063;TC-006-064,Pending,Pending,P1,100% detection of broken traceability links
NFR-COMP-005,Completeness,Orphan Files After Rollback,UC-010,PluginManager;InstallationTransaction;CleanupValidator,TC-010-065;TC-010-066,Pending,Pending,P2,Zero orphan files for clean recovery
NFR-SEC-001,Security,Content Privacy,UC-001,ContentAnalyzer;WritingValidator,TC-001-067;TC-001-068,Pending,Pending,P0,100% local analysis - User content never leaves local machine
NFR-SEC-002,Security,Pattern Database Integrity,UC-001,BannedPatternEngine;IntegrityValidator,TC-001-069;TC-001-070,Pending,Pending,P1,SHA-256 checksum validation to prevent tampering
NFR-SEC-003,Security,File Permissions Security,UC-002,DeploymentManager;PermissionManager,TC-002-071;TC-002-072,Pending,Pending,P0,Match source permissions to avoid privilege escalation
NFR-SEC-004,Security,Backup Integrity,UC-002,BackupManager;IntegrityValidator,TC-002-073;TC-002-074,Pending,Pending,P1,SHA-256 checksum validation for corruption detection
NFR-REL-001,Reliability,Deployment Success Rate,UC-002,DeploymentManager;TransactionManager,TC-002-075;TC-002-076,Pending,Pending,P2,100% success rate - Zero partial deployments (transactional)
NFR-REL-002,Reliability,Data Preservation During Updates,UC-002,CLAUDEMdUpdater;ContentMerger,TC-002-077;TC-002-078,Pending,Pending,P2,Zero data loss - Preserve existing CLAUDE.md content
NFR-REL-003,Reliability,Rollback State Restoration,UC-010,InstallationTransaction;StateManager,TC-010-079;TC-010-080,Pending,Pending,P2,100% state restoration for complete recovery
NFR-USE-001,Usability,AI Validation Learning Curve,UC-001,WritingValidator;FeedbackGenerator,TC-001-081;TC-001-082,Pending,Pending,P0,1-2 validation cycles for new users to internalize patterns
NFR-USE-002,Usability,Validation Feedback Clarity,UC-001,FeedbackGenerator;RewriteSuggester,TC-001-083;TC-001-084,Pending,Pending,P1,Line numbers + specific rewrite suggestions for actionability
NFR-USE-003,Usability,Progress Visibility,UC-001,AuthenticityScorer;ProgressTracker,TC-001-085;TC-001-086,Pending,Pending,P1,Real-time score updates for incremental improvement motivation
NFR-USE-004,Usability,First-Time Setup Friction,UC-002,DeploymentManager;SetupWizard,TC-002-087;TC-002-088,Pending,Pending,P0,<15 minutes from install to first artifact - Minimize onboarding barrier
NFR-USE-005,Usability,Error Message Clarity,UC-002,ErrorHandler;RemediationGuide,TC-002-089;TC-002-090,Pending,Pending,P0,Clear remediation steps for all errors - Self-service support
NFR-USE-006,Usability,Onboarding Time Savings,UC-008,TemplateSelector;QuickStart,TC-008-091;TC-008-092,Pending,Pending,P1,50% time savings vs manual selection - Faster project setup
NFR-DATA-001,Data Retention,Validation History Retention,UC-001,ValidationHistoryStore,TC-001-093;TC-001-094,Pending,Pending,P1,30-day retention for improvement trend analysis
NFR-DATA-002,Data Retention,Multi-Agent Review History,UC-004,ReviewHistoryArchive,TC-004-095;TC-004-096,Pending,Pending,P1,Permanent retention for compliance audit trail
NFR-DATA-003,Data Retention,Historical Metrics Retention,UC-007,MetricsStore;HistoricalAggregator,TC-007-097;TC-007-098,Pending,Pending,P1,12-month retention for long-term capacity planning
NFR-FRESH-001,Freshness,Metrics Data Freshness,UC-007,MetricsCollector;RealTimeUpdater,TC-007-099;TC-007-100,Pending,Pending,P1,Real-time metric updates for current decision accuracy
NFR-SCAL-001,Scalability,Maximum Content Size,UC-001,ContentAnalyzer;TimeoutManager,TC-001-101;TC-001-102,Pending,Pending,P2,<100000 words to prevent timeout
NFR-SCAL-002,Scalability,Minimum Content Size,UC-001,ContentAnalyzer;ValidityChecker,TC-001-103;TC-001-104,Pending,Pending,P2,100+ words for meaningful statistical analysis
NFR-SCAL-003,Scalability,Maximum Concurrent Agents,UC-004,CoreOrchestrator;TaskCoordinator,TC-004-105;TC-004-106,Pending,Pending,P1,25 agents max (Claude Code platform constraint)
NFR-SCAL-004,Scalability,Maximum Artifact Size,UC-004,DocumentationSynthesizer;ContextManager,TC-004-107;TC-004-108,Pending,Pending,P1,10000 words max to avoid context window exhaustion
